acc_sno,acccode,acc_name,acc_desc,parent_acc,acc_type,db_bal,cr_bal,op_bal
6,101000,Current Assets,Current Assets,100000,A,0,0,0
1,100000,Assets,Assets,0,A,0,0,0
3,500000,Income,Income,0,I,0,0,0
4,600000,Expenses,Expenses,0,E,0,0,0
5,700000,Equity,Equity,0,Q,0,0,0
9,501000,Sales,Income,500000,I,0,0,0
7,102000,Petty Cash,Petty Cash,101000,A,0,0,0
6,150000,Customers,Agents,100000,A,0,0,0
1,410002,Makkah Hotels,Makkah Hotels,410001,L,0,0,0
2,410003,Dar Al Tawhid Intercontinental,Dar Al Tawhid Intercontinental,410002,L,0,0,0
5,410006,Sheraton Makkah,Sheraton Makkah,410002,L,0,0,0
6,410007,Dallah Ajyad,Dallah Ajyad,410002,L,0,0,0
9,410010,Al-Shohada Hotel,Al-Shohada Hotel,410002,L,0,0,0
11,410012,Al-Rawasi (Ghaza),Al-Rawasi (Ghaza),410002,L,0,0,0
12,410013,Elaf Ajyad,Elaf Ajyad,410002,L,0,0,0
14,410015,Al-Murjan ( Al-Osoul Groups ),Al-Murjan ( Al-Osoul Groups ),410002,L,0,0,0
15,410016,New Safa,New Safa,410002,L,0,0,0
16,410017,White Palace Hotel,White Palace Hotel,410002,L,0,0,0
17,410018,Dallah Shubaika,Dallah Shubaika,410002,L,0,0,0
18,410019,Dallah Al-Salam,Dallah Al-Salam,410002,L,0,0,0
19,410020,Al-Marwa Hotel,Al-Marwa Hotel,410002,L,0,0,0
20,410021,AL-Maasah Hotel ( Al-Maasah Group),AL-Maasah Hotel ( Al-Maasah Group),410002,L,0,0,0
21,410022,Al-Qadesia Hotel ( Al-Maasah Group),Al-Qadesia Hotel ( Al-Maasah Group),410002,L,0,0,0
22,410023,Hawazen Hotel ( Al-Maasah Group),Hawazen Hotel ( Al-Maasah Group),410002,L,0,0,0
23,410024,Makkah Hotel,Makkah Hotel,410002,L,0,0,0
24,410025,Anwar Al-Medinah Palace,Anwar Al-Medinah Palace,410002,L,0,0,0
25,410026,Flower White Palace,Flower White Palace,410002,L,0,0,0
26,410027,Rehab Al Firdous Hotel,Rehab Al Firdous Hotel,410002,L,0,0,0
27,410028,Dar Al-Rawasi  ( Al-Misflaha ),Dar Al-Rawasi  ( Al-Misflaha ),410002,L,0,0,0
28,410029,Ohod hotel ( Al-Maasah Group),Ohod hotel ( Al-Maasah Group),410002,L,0,0,0
29,410030,Khibar Hotel ( Al-Maasah Group),Khibar Hotel ( Al-Maasah Group),410002,L,0,0,0
30,410031,Mouta hotel ( Al-Maasah Group),Mouta hotel ( Al-Maasah Group),410002,L,0,0,0
31,410032,Al -Khandaq Hotel ( Al-Maasah Group),Al -Khandaq Hotel ( Al-Maasah Group),410002,L,0,0,0
32,410033,Al-Hadeel hotel ( Al-Maasah Group),Al-Hadeel hotel ( Al-Maasah Group),410002,L,0,0,0
33,410034,Badr Hotel ( Al-Maasah Group),Badr Hotel ( Al-Maasah Group),410002,L,0,0,0
35,410036,Al-Firdous Makkah  Hotel,Al-Firdous Makkah  Hotel,410002,L,0,0,0
36,410037,Al-Bustan Golden Hotel Makkah,Al-Bustan Golden Hotel Makkah,410002,L,0,0,0
37,410038,Al-Olian Hotel Makkah,Al-Olian Hotel Makkah,410002,L,0,0,0
38,410039,Shobra Hotel Makkah,Shobra Hotel Makkah,410002,L,0,0,0
39,410040,Rafadath Al Haram,Rafadath Al Haram,410002,L,0,0,0
40,410041,Dar Al Nadwa (Dar Al Arqam),Dar Al Nadwa (Dar Al Arqam),410002,L,0,0,0
41,410042,Wahat Al Deafah Oasis,Wahat Al Deafah Oasis,410002,L,0,0,0
43,410044,Al Massara Hotel,Al Massara Hotel,410002,L,0,0,0
44,410045,Haneen Al Zahabi,Haneen Al Zahabi,410002,L,0,0,0
48,410049,Burj Al Jawar Hotel,Burj Al Jawar Hotel,410002,L,0,0,0
49,410050,Grand Makkah Hotel,Grand Makkah Hotel,410002,L,0,0,0
50,410051,Al Aqsa Tower Hotel,Al Aqsa Tower Hotel,410002,L,0,0,0
51,410052,Dar Al Manasek Hotel Makkah,Dar Al Manasek Hotel Makkah,410002,L,0,0,0
52,410053,Aziz Khogeer Hotel,Aziz Khogeer Hotel,410002,L,0,0,0
53,410054,Makkah Grand Coral Hotel,Makkah Grand Coral Hotel,410002,L,0,0,0
54,410055,Makkah Grand Coral Apartment,Makkah Grand Coral Apartment,410002,L,0,0,0
55,410056,Al-Rawassi ( Rub Attla ),Al-Rawassi ( Rub Attla ),410002,L,0,0,0
56,410250,Madinah Hotels,Madinah Hotels,410001,L,0,0,0
57,410251,Medinah Oberoi Hotel,Medinah Oberoi Hotel,410250,L,0,0,0
58,410252,Madinah Hilton Hotel,Madinah Hilton Hotel,410250,L,0,0,0
59,410253,Dar Al-Taqwa Intercontinental,Dar Al-Taqwa Intercontinental,410250,L,0,0,0
60,410254,Dar Al-Iman Intercontinental,Dar Al-Iman Intercontinental,410250,L,0,0,0
61,410255,Dar Al-Hijra Intercontinental,Dar Al-Hijra Intercontinental,410250,L,0,0,0
62,410256,Al-Harithyah,Al-Harithyah,410250,L,0,0,0
64,410258,Elaf Taibah Hotel,Elaf Taibah Hotel,410250,L,0,0,0
65,410259,Green Palace Hotel,Green Palace Hotel,410250,L,0,0,0
66,410260,Al-Haram Plaza Hotel,Al-Haram Plaza Hotel,410250,L,0,0,0
67,410261,Taba Hotel,Taba Hotel,410250,L,0,0,0
68,410262,Dallah Taibah Hotel,Dallah Taibah Hotel,410250,L,0,0,0
69,410263,Dallah Taibah Hotel Executive Floors,Dallah Taibah Hotel Executive Floors,410250,L,0,0,0
70,410264,Dallah Madinah Hotel,Dallah Madinah Hotel,410250,L,0,0,0
71,410265,Al-Ansar Golden (Al-Ansar Group),Al-Ansar Golden (Al-Ansar Group),410250,L,0,0,0
72,410266,Al-Ansar Silver (Al-Ansar Group),Al-Ansar Silver (Al-Ansar Group),410250,L,0,0,0
73,410267,Al-Ansar Hotel ( Al-Ansar Group ),Al-Ansar Hotel ( Al-Ansar Group ),410250,L,0,0,0
74,410268,Al-Ansar Palace (Al-Ansar Group),Al-Ansar Palace (Al-Ansar Group),410250,L,0,0,0
75,410269,Al-Medinah Residential Center ( Al-Ansar Group ),Al-Medinah Residential Center ( Al-Ansar Group ),410250,L,0,0,0
76,410270,New Al Ansar Palace Hotel,New Al Ansar Palace Hotel,410250,L,0,0,0
77,410271,Luxurious Rawadah Suites (Al-Ansar Group),Luxurious Rawadah Suites (Al-Ansar Group),410250,L,0,0,0
78,410272,Al-Ansar Diamod (Al-Ansar Group),Al-Ansar Diamod (Al-Ansar Group),410250,L,0,0,0
79,410273,Shourfah Medinah Hotel ( Al-Ansar Group ),Shourfah Medinah Hotel ( Al-Ansar Group ),410250,L,0,0,0
80,410274,Taibah Residential Suites West Tower,Taibah Residential Suites West Tower,410250,L,0,0,0
81,410275,Dar Al-Salam Hotel ( Bourj Al-Wadi ),Dar Al-Salam Hotel ( Bourj Al-Wadi ),410250,L,0,0,0
82,410276,Sheraton Madinah Hotel,Sheraton Madinah Hotel,410250,L,0,0,0
83,410277,Safer Al-Saha Hotel Medinah,Safer Al-Saha Hotel Medinah,410250,L,0,0,0
84,410278,Marriott Madinah Hotel,Marriott Madinah Hotel,410250,L,0,0,0
85,410279,Sanabel Al-Medinah Hotel,Sanabel Al-Medinah Hotel,410250,L,0,0,0
87,410281,Bahauddin Hotel,Bahauddin Hotel,410250,L,0,0,0
88,410282,Warda Al Mubarak,Warda Al Mubarak,410250,L,0,0,0
89,410283,New Al Habib Palace,New Al Habib Palace,410250,L,0,0,0
90,410284,Al Habib Palace,Al Habib Palace,410250,L,0,0,0
91,410285,Al Ashraq Hotel,Al Ashraq Hotel,410250,L,0,0,0
92,410286,Rawhaht Mubarak Hotel,Rawhaht Mubarak Hotel,410250,L,0,0,0
93,410287,Mubarak Al Salam Hotel,Mubarak Al Salam Hotel,410250,L,0,0,0
95,410289,Mubarak Golden Hotel,Mubarak Golden Hotel,410250,L,0,0,0
96,410290,Najmat Mubarak Hotel,Najmat Mubarak Hotel,410250,L,0,0,0
97,410291,Jawhrat Mubarak Hotel,Jawhrat Mubarak Hotel,410250,L,0,0,0
98,410292,Mubarak Palace,Mubarak Palace,410250,L,0,0,0
99,410293,Andalus Royal (Andalus Classy Suite),Andalus Royal (Andalus Classy Suite),410250,L,0,0,0
100,410294,Durat Al Andalus Hotel,Durat Al Andalus Hotel,410250,L,0,0,0
101,410295,Al Andalus Deluxe Suites,Al Andalus Deluxe Suites,410250,L,0,0,0
102,410296,Zawar Al Salam Hotel,Zawar Al Salam Hotel,410250,L,0,0,0
103,410297,Taibah Resident Suites East Tower,Taibah Resident Suites East Tower,410250,L,0,0,0
104,410400,Jeddah Hotels,Jeddah Hotels,410001,L,0,0,0
105,410401,Hilton Jeddah,Hilton Jeddah,410400,L,0,0,0
106,410402,Intercontinental Jeddah,Intercontinental Jeddah,410400,L,0,0,0
108,410404,Marriott Jeddah,Marriott Jeddah,410400,L,0,0,0
109,410405,Crowne Plaza Jeddah,Crowne Plaza Jeddah,410400,L,0,0,0
110,410406,Al-Hamra Sofitel,Al-Hamra Sofitel,410400,L,0,0,0
111,410407,Red Sea Palace,Red Sea Palace,410400,L,0,0,0
112,410408,Casablanca Jeddah,Casablanca Jeddah,410400,L,0,0,0
113,410409,Al-Bilad Hotel,Al-Bilad Hotel,410400,L,0,0,0
114,410410,Kaki Hotel Jeddah,Kaki Hotel Jeddah,410400,L,0,0,0
115,410411,Trident Hotel Jeddah,Trident Hotel Jeddah,410400,L,0,0,0
116,410412,Al Bustan Hotel,Al Bustan Hotel,410400,L,0,0,0
117,410413,Al-Harthy Hotel Jeddah,Al-Harthy Hotel Jeddah,410400,L,0,0,0
118,410414,Kandra Palace Hotel,Kandra Palace Hotel,410400,L,0,0,0
119,410415,Sands Hotel Jeddah,Sands Hotel Jeddah,410400,L,0,0,0
120,410416,Al-Baia Hotel Jeddah,Al-Baia Hotel Jeddah,410400,L,0,0,0
121,410417,Al-Taj Palace Apartments,Al-Taj Palace Apartments,410400,L,0,0,0
122,410418,Topaz Suites Jeddah,Topaz Suites Jeddah,410400,L,0,0,0
123,410419,Abu Ziad Apartments Jeddah,Abu Ziad Apartments Jeddah,410400,L,0,0,0
124,410420,Al-Jawad Al-Abyad Residence Jeddah,Al-Jawad Al-Abyad Residence Jeddah,410400,L,0,0,0
125,410421,Sunset Jeddah Hotel,Sunset Jeddah Hotel,410400,L,0,0,0
126,410422,Durrah Beach Resort Abduljadayel,Durrah Beach Resort Abduljadayel,410400,L,0,0,0
127,410423,Rotana Residence,Rotana Residence,410400,L,0,0,0
128,410424,Ambassador Suites Jeddah,Ambassador Suites Jeddah,410400,L,0,0,0
129,410425,Jeddah Orchid,Jeddah Orchid,410400,L,0,0,0
131,410427,Mercure Grand Golden Hotel,Mercure Grand Golden Hotel,410400,L,0,0,0
132,410428,Sheraton Jeddah,Sheraton Jeddah,410400,L,0,0,0
133,410429,Westin Jeddah,Westin Jeddah,410400,L,0,0,0
134,410430,Radisson SAS Jeddah,Radisson SAS Jeddah,410400,L,0,0,0
135,410431,Al Salam Holiday Inn Jeddah,Al Salam Holiday Inn Jeddah,410400,L,0,0,0
136,410500,Riyadh Hotels,Riyadh Hotels,410001,L,0,0,0
137,410501,Ramada Sharouq,Ramada Sharouq,410500,L,0,0,0
138,410502,Four Seasons Hotel Riyadh,Four Seasons Hotel Riyadh,410500,L,0,0,0
139,410503,Al-Faisaliah Hotel Riyadh,Al-Faisaliah Hotel Riyadh,410500,L,0,0,0
140,410504,Sheraton Riyadh,Sheraton Riyadh,410500,L,0,0,0
141,410505,Riyadh Intercontinental Hotel,Riyadh Intercontinental Hotel,410500,L,0,0,0
142,410506,Howard Johnson Plaza - Olaya Palace,Howard Johnson Plaza - Olaya Palace,410500,L,0,0,0
143,410507,Minhal Holiday Inn Riyadh,Minhal Holiday Inn Riyadh,410500,L,0,0,0
144,410508,Radisson SAS Hotel Riyadh,Radisson SAS Hotel Riyadh,410500,L,0,0,0
145,410509,Marriott Hotel Riyadh,Marriott Hotel Riyadh,410500,L,0,0,0
146,410510,Riyadh Palace Hotel,Riyadh Palace Hotel,410500,L,0,0,0
147,410511,Salahedin Hotel,Salahedin Hotel,410500,L,0,0,0
148,410512,Golden Tulip Andalusia Hotel Riyadh,Golden Tulip Andalusia Hotel Riyadh,410500,L,0,0,0
149,410513,Al-Mutlaq Hotel Riyadh,Al-Mutlaq Hotel Riyadh,410500,L,0,0,0
150,410514,Golden Tulip Ansalusia Htl Riyadh( Executive ),Golden Tulip Ansalusia Htl Riyadh( Executive ),410500,L,0,0,0
151,410515,Zahrat Al-Shark Hotel Riyadh,Zahrat Al-Shark Hotel Riyadh,410500,L,0,0,0
152,410516,Ramad East Hotel Riyadh,Ramad East Hotel Riyadh,410500,L,0,0,0
153,410517,Al-Khosama Hotel,Al-Khosama Hotel,410500,L,0,0,0
154,410518,Sahara Riyadh Airport Hotel,Sahara Riyadh Airport Hotel,410500,L,0,0,0
155,410519,Olaya Hotel Holiday Inn Riyadh,Olaya Hotel Holiday Inn Riyadh,410500,L,0,0,0
156,410520,Al-Yamama Resort Riyadh,Al-Yamama Resort Riyadh,410500,L,0,0,0
157,410600,Taif Hotels,Taif Hotels,410001,L,0,0,0
158,410601,Le Meridien  Al-Hada Taif,Le Meridien  Al-Hada Taif,410600,L,0,0,0
159,410602,Intercontinental Hotel Taif,Intercontinental Hotel Taif,410600,L,0,0,0
160,410603,Al-Bustan Resort  Al-Tiaf,Al-Bustan Resort  Al-Tiaf,410600,L,0,0,0
161,410604,Casablanca Hotel Al-Taif,Casablanca Hotel Al-Taif,410600,L,0,0,0
162,410605,Bahadar Plaza Resort - El-Hada Taif,Bahadar Plaza Resort - El-Hada Taif,410600,L,0,0,0
163,410606,Sheraton Al Huda,Sheraton Al Huda,410600,L,0,0,0
164,410650,Abha Hotels,Abha Hotels,410001,L,0,0,0
165,410651,Intercontinental Hotel - Abha,Intercontinental Hotel - Abha,410650,L,0,0,0
166,410652,Abha Palace Hotels(Al-Sooda-Habala-Faraa-Airport),Abha Palace Hotels(Al-Sooda-Habala-Faraa-Airport),410650,L,0,0,0
167,410653,New Abha Resorts Hotel Abha,New Abha Resorts Hotel Abha,410650,L,0,0,0
168,410654,Abha Palace Airport Hotel (Al-Sooda-Habala-Faraa),Abha Palace Airport Hotel (Al-Sooda-Habala-Faraa),410650,L,0,0,0
169,410655,Al-Bouhaira Hotel Abha ( Standard ),Al-Bouhaira Hotel Abha ( Standard ),410650,L,0,0,0
170,410656,Al-Bouhaira Hotel Abha Villa,Al-Bouhaira Hotel Abha Villa,410650,L,0,0,0
171,410700,Al Khobar Hotels,Al Khobar Hotels,410001,L,0,0,0
172,410701,Le Gulf Meridien Al-Khobar,Le Gulf Meridien Al-Khobar,410700,L,0,0,0
173,410702,Ramada Hotel Al-Khobar,Ramada Hotel Al-Khobar,410700,L,0,0,0
174,410703,Andalusia Al-Khobar Furnished Suites,Andalusia Al-Khobar Furnished Suites,410700,L,0,0,0
175,410704,Al-Janadriah Suites,Al-Janadriah Suites,410700,L,0,0,0
176,410705,Al-Nimran Hotel - South Wings,Al-Nimran Hotel - South Wings,410700,L,0,0,0
177,410706,Al Gosaibi Hotel,Al Gosaibi Hotel,410700,L,0,0,0
178,410707,Park Hotel,Park Hotel,410700,L,0,0,0
179,410720,Dammam Hotels,Dammam Hotels,410001,L,0,0,0
180,410721,Al-Hamra Holiday Inn Dammam,Al-Hamra Holiday Inn Dammam,410720,L,0,0,0
181,410722,Al-Arifi Hotel Dammam,Al-Arifi Hotel Dammam,410720,L,0,0,0
182,410723,Sheraton Dammam,Sheraton Dammam,410720,L,0,0,0
183,410740,Dahran Hotels,Dahran Hotels,410001,L,0,0,0
184,410741,Dahran International Hotel,Dahran International Hotel,410740,L,0,0,0
185,410742,Dahran Palace Hotel,Dahran Palace Hotel,410740,L,0,0,0
186,410760,Baha Hotels,Baha Hotels,410001,L,0,0,0
187,410761,Al Baha Flamingo Palace Hotel,Al Baha Flamingo Palace Hotel,410760,L,0,0,0
188,410762,Al-Hokair Resort Al-Baha Hotel Baha,Al-Hokair Resort Al-Baha Hotel Baha,410760,L,0,0,0
189,410770,Jizan Hotels,Jizan Hotels,410001,L,0,0,0
190,410771,Al-Hayat Gizan Hotel,Al-Hayat Gizan Hotel,410770,L,0,0,0
191,410780,Jubail hotels,Jubail hotels,410001,L,0,0,0
192,410781,Intercontinental - Al - Jubail,Intercontinental - Al - Jubail,410780,L,0,0,0
193,410790,Tabouk Hotels,Tabouk Hotels,410001,L,0,0,0
194,410791,Tabouk Sahara Hotel Tabouk,Tabouk Sahara Hotel Tabouk,410790,L,0,0,0
195,410792,Royal Tower Furnished Suite Tabouk,Royal Tower Furnished Suite Tabouk,410790,L,0,0,0
7,410008,Sofitel Elaf Kindah,Sofitel Elaf Kindah,410002,L,0,0,0
10,410011,Ajyad Makkah Main Building,Ajyad Makkah Main Building,410002,L,0,0,0
13,410014,Elaf Novitel Al-Huda,Elaf Novitel Al-Huda,410002,L,0,0,0
34,410035,Dar Al-Salam Hotel,Dar Al-Salam Hotel,410002,L,0,0,0
107,410403,Le Meridien Jeddah,Le Meridien Jeddah,410400,L,0,0,0
46,410047,Makkah Baity,Makkah Baity No 1,410002,L,0,0,0
6,410005,Makkah Sofitel hotel,Makkah Sofitel hotel,410002,L,0,0,0
6,410257,Anwar Al Madinah MoveNpick,Anwar Al Madinah MoveNpick,410250,L,0,0,0
86,410280,Karam Hotel Medinah,Karam Hotel Medinah,410250,L,0,0,0
6,410004,Makkah Hilton Towers,Makkah Hilton Towers & Hilton Hotel,410002,L,0,0,0
6,410009,Le Meridien Makkah,Le Meridien Makkah,410002,L,0,0,0
6,411000,Transportation,Transportation Suppliers,410000,L,0,0,0
130,410426,MoveNpick Hotel Jeddah,MoveNpick Hotel Jeddah,410400,L,0,0,0
1,150001,Kuwait Agents,Kuwait Agents,150000,A,0,0,0
2,150002,Al Rawdha Travels - Kuwait,Al Rawdha Travels - Kuwait,150001,A,0,0,0
3,150003,Arabella Center - Kuwait,Arabella Center - Kuwait,150001,A,0,0,0
4,150004,Al Malik Tours - Kuwait,Al Malik Tours - Kuwait,150001,A,0,0,0
5,150005,Al Manea Tours - Kuwait,Al Manea Tours - Kuwait,150001,A,0,0,0
6,150006,Samaa Tours - Kuwait,Samaa Tours - Kuwait,150001,A,0,0,0
7,150007,Danata Kuwait - Kuwait,Danata Kuwait - Kuwait,150001,A,0,0,0
8,150008,Discovery Travel - Kuwait,Discovery Travel - Kuwait,150001,A,0,0,0
9,150009,Tq3 Travel Solutions - Kuwait,Tq3 Travel Solutions - Kuwait,150001,A,0,0,0
10,150010,Al Kharafi Hotel Booking - Kuwait,Al Kharafi Hotel Booking - Kuwait,150001,A,0,0,0
11,150011,Al Muhalab For Tourism - Kuwait,Al Muhalab For Tourism - Kuwait,150001,A,0,0,0
12,150012,Al Waseet Travels - Kuwait,Al Waseet Travels - Kuwait,150001,A,0,0,0
13,150013,Al Awael Travels - Kuwait,Al Awael Travels - Kuwait,150001,A,0,0,0
14,150014,United Mash Travel - Kuwait,United Mash Travel - Kuwait,150001,A,0,0,0
15,150015,Al Hadi Tours - Kuwait,Al Hadi Tours - Kuwait,150001,A,0,0,0
16,150016,Villa Travels - Kuwait,Villa Travels - Kuwait,150001,A,0,0,0
17,150017,Trafalgar Travel - Kuwait,Trafalgar Travel - Kuwait,150001,A,0,0,0
18,150018,Al Bader Travel - Kuwait,Al Bader Travel - Kuwait,150001,A,0,0,0
19,150019,Al Fahad Universal - Kuwait,Al Fahad Universal - Kuwait,150001,A,0,0,0
20,150020,Rotana Travel - Kuwait,Rotana Travel - Kuwait,150001,A,0,0,0
21,150021,Express ( Al Shamel Travel ) - Kuwait,Express ( Al Shamel Travel ) - Kuwait,150001,A,0,0,0
22,150022,Jahra Coop Travel - Kuwait,Jahra Coop Travel - Kuwait,150001,A,0,0,0
23,150023,Jamil Travels - Kuwait,Jamil Travels - Kuwait,150001,A,0,0,0
24,150024,Abdul Jaleel Center - Kuwait,Abdul Jaleel Center - Kuwait,150001,A,0,0,0
25,150025,Al Shamieh Travels - Kuwait,Al Shamieh Travels - Kuwait,150001,A,0,0,0
26,150026,Ritz Travel - Kuwait,Ritz Travel - Kuwait,150001,A,0,0,0
27,150027,Musaad Alsaleh - Kuwait,Musaad Alsaleh - Kuwait,150001,A,0,0,0
28,150028,Four Seasons Travel - Kuwait,Four Seasons Travel - Kuwait,150001,A,0,0,0
29,150029,Overseas Travels - Kuwait,Overseas Travels - Kuwait,150001,A,0,0,0
30,150030,Yaish Travel & Tourism - Kuwait,Yaish Travel & Tourism - Kuwait,150001,A,0,0,0
31,150031,Al Deewan Travel- Kuwait,Al Deewan Travel- Kuwait,150001,A,0,0,0
32,150032,Platinum Travel - Kuwait,Platinum Travel - Kuwait,150001,A,0,0,0
33,150033,Saad Al Mirjah Travel - Kuwait,Saad Al Mirjah Travel - Kuwait,150001,A,0,0,0
34,150034,Al Zaman Travels - Kuwait,Al Zaman Travels - Kuwait,150001,A,0,0,0
35,150035,Kuwait International Travel - Kuwait,Kuwait International Travel - Kuwait,150001,A,0,0,0
36,150036,Space Travel - Kuwait,Space Travel - Kuwait,150001,A,0,0,0
37,150037,Ifa Travel - Kuwait,Ifa Travel - Kuwait,150001,A,0,0,0
38,150038,Royal Tours - Kuwait,Royal Tours - Kuwait,150001,A,0,0,0
39,150039,Al Nukhetha Tours - Kuwait,Al Nukhetha Tours - Kuwait,150001,A,0,0,0
40,150040,Al Awali Travel - Kuwait,Al Awali Travel - Kuwait,150001,A,0,0,0
41,150041,Al Rajaa Travel - Kuwait,Al Rajaa Travel - Kuwait,150001,A,0,0,0
42,150042,Al Fahad Travel - Kuwait,Al Fahad Travel - Kuwait,150001,A,0,0,0
43,150043,Monaco For Travels - Kuwait,Monaco For Travels - Kuwait,150001,A,0,0,0
44,150044,Boodai Aviation - Kuwait,Boodai Aviation - Kuwait,150001,A,0,0,0
45,150045,Abu Ramyah Travels - Kuwait,Abu Ramyah Travels - Kuwait,150001,A,0,0,0
46,150046,Al Shualah Travel - Kuwait,Al Shualah Travel - Kuwait,150001,A,0,0,0
47,150047,Universal Travels - Kuwait,Universal Travels - Kuwait,150001,A,0,0,0
48,150048,Al Danah Travel - Kuwait,Al Danah Travel - Kuwait,150001,A,0,0,0
49,150049,Al Mustqbal Travel - Kuwait,Al Mustqbal Travel - Kuwait,150001,A,0,0,0
50,150050,Travel Fast Tourism - Kuwait,Travel Fast Tourism - Kuwait,150001,A,0,0,0
51,150051,Al Khalidaya Travels - Kuwait,Al Khalidaya Travels - Kuwait,150001,A,0,0,0
52,150052,Al Moosa Travels - Kuwait,Al Moosa Travels - Kuwait,150001,A,0,0,0
53,150053,Vip International - Kuwait,Vip International - Kuwait,150001,A,0,0,0
54,150054,Al Zajel World Travel - Kuwait,Al Zajel World Travel - Kuwait,150001,A,0,0,0
55,150055,Al Kazemi Travels - Kuwait,Al Kazemi Travels - Kuwait,150001,A,0,0,0
56,150056,Waves Travels - Kuwait,Waves Travels - Kuwait,150001,A,0,0,0
57,150057,Grand Hyatt Tourism - Kuwait,Grand Hyatt Tourism - Kuwait,150001,A,0,0,0
58,150058,Al Fajer Tours Service - Kuwait,Al Fajer Tours Service - Kuwait,150001,A,0,0,0
59,150059,Ahmed Al-bader Tourism - Kuwait,Ahmed Al-bader Tourism - Kuwait,150001,A,0,0,0
60,150060,Jarrallah Travels - Kuwait,Jarrallah Travels - Kuwait,150001,A,0,0,0
61,150061,Uniglobe Badur Travels - Kuwait,Uniglobe Badur Travels - Kuwait,150001,A,0,0,0
62,150062,Shiny Star Medical Travels - Kuwait,Shiny Star Medical Travels - Kuwait,150001,A,0,0,0
63,150063,Prestige Tours - Kuwait,Prestige Tours - Kuwait,150001,A,0,0,0
65,150065,Al Maktab Travels - Kuwait,Al Maktab Travels - Kuwait,150001,A,0,0,0
66,150066,Travel & Tourism House- Kuwait,Travel & Tourism House- Kuwait,150001,A,0,0,0
67,150067,Aamar Travel - Kuwait,Aamar Travel - Kuwait,150001,A,0,0,0
68,150068,Shorouk Travel - Kuwait,Shorouk Travel - Kuwait,150001,A,0,0,0
69,150069,Vip Travels - Kuwait,Vip Travels - Kuwait,150001,A,0,0,0
70,150070,Sultan Travel Agencies Co - Kuwait,Sultan Travel Agencies Co - Kuwait,150001,A,0,0,0
71,150071,Alghanim Express - Kuwait,Alghanim Express - Kuwait,150001,A,0,0,0
72,150072,Golden Gate - Kuwait,Golden Gate - Kuwait,150001,A,0,0,0
73,150300,UAE Agents,UAE Agents,150000,A,0,0,0
74,150301,Hamlath Al Sharjah Haj - UAE,Hamlath Al Sharjah Haj - UAE,150300,A,0,0,0
75,150302,Gulf Travels Dubai - UAE,Gulf Travels Dubai - UAE,150300,A,0,0,0
76,150303,Al Khalidiya Hajj - UAE,Al Khalidiya Hajj - UAE,150300,A,0,0,0
77,150304,Al Sidra Hajj - UAE,Al Sidra Hajj - UAE,150300,A,0,0,0
78,150305,Al Rais Travel - UAE,Al Rais Travel - UAE,150300,A,0,0,0
79,150306,Al Burj Travel - UAE,Al Burj Travel - UAE,150300,A,0,0,0
80,150307,Al Rayah Travel - UAE,Al Rayah Travel - UAE,150300,A,0,0,0
81,150308,South East Asia Tours - UAE,South East Asia Tours - UAE,150300,A,0,0,0
82,150309,Bin Bakheet Haj - UAE,Bin Bakheet Haj - UAE,150300,A,0,0,0
83,150310,House Of Holidays - UAE,House Of Holidays - UAE,150300,A,0,0,0
84,150311,Salem Travel - UAE,Salem Travel - UAE,150300,A,0,0,0
85,150312,Belhas Tourism - UAE,Belhas Tourism - UAE,150300,A,0,0,0
86,150313,Global Holidays - UAE,Global Holidays - UAE,150300,A,0,0,0
87,150314,Al Sari For Haj - UAE,Al Sari For Haj - UAE,150300,A,0,0,0
88,150315,Al Matrooshi Haj - UAE,Al Matrooshi Haj - UAE,150300,A,0,0,0
89,150316,Jurneez Travels - UAE,Jurneez Travels - UAE,150300,A,0,0,0
90,150317,Al Amaan Travels - UAE,Al Amaan Travels - UAE,150300,A,0,0,0
91,150318,Home Of Holidays - UAE,Home Of Holidays - UAE,150300,A,0,0,0
92,150319,Al Hidaya For Haj - UAE,Al Hidaya For Haj - UAE,150300,A,0,0,0
93,150320,Team Tours - UAE,Team Tours - UAE,150300,A,0,0,0
94,150321,Castle Travels - UAE,Castle Travels - UAE,150300,A,0,0,0
95,150322,Dar Al Eiman Hajj - UAE,Dar Al Eiman Hajj - UAE,150300,A,0,0,0
96,150323,Space International Travels - UAE,Space International Travels - UAE,150300,A,0,0,0
97,150324,Dar Al Fqueh - UAE,Dar Al Fqueh - UAE,150300,A,0,0,0
98,150325,Almariah - UAE,Almariah - UAE,150300,A,0,0,0
99,150326,Golden Gate Travel - UAE,Golden Gate Travel - UAE,150300,A,0,0,0
100,150327,Al Faisal Travels - UAE,Al Faisal Travels - UAE,150300,A,0,0,0
101,150328,Tropic International Tours - UAE,Tropic International Tours - UAE,150300,A,0,0,0
102,150329,Almasaood Travel - UAE,Almasaood Travel - UAE,150300,A,0,0,0
103,150330,Al Shammael For Hajj - UAE,Al Shammael For Hajj - UAE,150300,A,0,0,0
104,150331,Hamlet Al Hajji Haj - UAE,Hamlet Al Hajji Haj - UAE,150300,A,0,0,0
105,150332,Al Sharia Hajj - UAE,Al Sharia Hajj - UAE,150300,A,0,0,0
106,150333,Al Ain Express Travels - UAE,Al Ain Express Travels - UAE,150300,A,0,0,0
107,150334,Sharjah National Travel - UAE,Sharjah National Travel - UAE,150300,A,0,0,0
108,150335,Concord Travels - UAE,Concord Travels - UAE,150300,A,0,0,0
109,150336,Al Mahaboob Travel - UAE,Al Mahaboob Travel - UAE,150300,A,0,0,0
110,150337,Safari Travel - UAE,Safari Travel - UAE,150300,A,0,0,0
111,150338,Al Bateen Haj - UAE,Al Bateen Haj - UAE,150300,A,0,0,0
112,150339,Al Mashayer For Haj - UAE,Al Mashayer For Haj - UAE,150300,A,0,0,0
113,150340,Al Awafi Travels - UAE,Al Awafi Travels - UAE,150300,A,0,0,0
114,150341,Alfath For Haj - UAE,Alfath For Haj - UAE,150300,A,0,0,0
115,150342,Elaf For Haj - UAE,Elaf For Haj - UAE,150300,A,0,0,0
116,150343,Sky Line Travel - UAE,Sky Line Travel - UAE,150300,A,0,0,0
117,150344,Almanar - UAE,Almanar - UAE,150300,A,0,0,0
118,150345,Al Anfal For Haj - UAE,Al Anfal For Haj - UAE,150300,A,0,0,0
119,150346,Al Fajar For Haj - UAE,Al Fajar For Haj - UAE,150300,A,0,0,0
120,150347,Asia Middle East - UAE,Asia Middle East - UAE,150300,A,0,0,0
121,150348,Land Of Holidays - UAE,Land Of Holidays - UAE,150300,A,0,0,0
122,150349,Al Jawareh Travel - UAE,Al Jawareh Travel - UAE,150300,A,0,0,0
123,150350,Bin Murad Hajj - UAE,Bin Murad Hajj - UAE,150300,A,0,0,0
124,150351,Bin Seba Haj - UAE,Bin Seba Haj - UAE,150300,A,0,0,0
125,150353,Al Bayan Travel & Tours - UAE,Al Bayan Travel & Tours - UAE,150300,A,0,0,0
126,150354,Hamlat Al Rayan - UAE,Hamlat Al Rayan - UAE,150300,A,0,0,0
127,150400,Qatar Agents,Qatar Agents,150000,A,0,0,0
128,150401,Fahd Travels - Qatar,Fahd Travels - Qatar,150400,A,0,0,0
129,150402,Al Mulla Travels - Qatar,Al Mulla Travels - Qatar,150400,A,0,0,0
130,150403,International Tours - Qatar,International Tours - Qatar,150400,A,0,0,0
131,150404,Happy Journey - Qatar,Happy Journey - Qatar,150400,A,0,0,0
132,150405,Trans Orient Travel - Qatar,Trans Orient Travel - Qatar,150400,A,0,0,0
133,150406,Al Watany Travels - Qatar,Al Watany Travels - Qatar,150400,A,0,0,0
134,150407,Al Jaber Travels - Qatar,Al Jaber Travels - Qatar,150400,A,0,0,0
135,150408,Mannai Air Travel - Qatar,Mannai Air Travel - Qatar,150400,A,0,0,0
136,150409,Darwish Holidays - Qatar,Darwish Holidays - Qatar,150400,A,0,0,0
137,150410,Asia Travel - Qatar,Asia Travel - Qatar,150400,A,0,0,0
138,150411,Ali Bin Ali Travels - Qatar,Ali Bin Ali Travels - Qatar,150400,A,0,0,0
139,150500,Bahrain Agents,Bahrain Agents,150000,A,0,0,0
141,150502,Uco Travel - Bahrain,Uco Travel - Bahrain,150500,A,0,0,0
142,150503,Pegasus Holidays - Bahrian,Pegasus Holidays - Bahrian,150500,A,0,0,0
143,150504,Gulf Tours - Bahrain,Gulf Tours - Bahrain,150500,A,0,0,0
144,150505,El Baraka Travel - Bharian,El Baraka Travel - Bharian,150500,A,0,0,0
145,150506,Al Abrar For Haji - Bahrain,Al Abrar For Haji - Bahrain,150500,A,0,0,0
146,150507,Qatar Airways Holidays - Bahrain,Qatar Airways Holidays - Bahrain,150500,A,0,0,0
147,150508,Al Bader Travel & Tourism,Al Bader Travel & Tourism,150500,A,0,0,0
148,150509,Bu Faisal Haj - Bharain,Bu Faisal Haj - Bharain,150500,A,0,0,0
149,150510,Taibah Haj And Umrah - Bahrain,Taibah Haj And Umrah - Bahrain,150500,A,0,0,0
150,150511,Al Amal Travels - Bahrain,Al Amal Travels - Bahrain,150500,A,0,0,0
151,150512,Al Gosaibi Travels - Bahrain,Al Gosaibi Travels - Bahrain,150500,A,0,0,0
152,150513,Al Mannai Travels - Bahrain,Al Mannai Travels - Bahrain,150500,A,0,0,0
153,150514,Nawras Travels - Bahrian,Nawras Travels - Bahrian,150500,A,0,0,0
154,150516,Galaxy Travel - Bahrain,Galaxy Travel - Bahrain,150500,A,0,0,0
155,150517,Trans World Travel - Bahrain,Trans World Travel - Bahrain,150500,A,0,0,0
156,150518,Al Malaky Travel - Bahrain,Al Malaky Travel - Bahrain,150500,A,0,0,0
157,150519,Asfar Worldwide - Bahrain,Asfar Worldwide - Bahrain,150500,A,0,0,0
158,150520,Dadabhai Travel - Bahrain,Dadabhai Travel - Bahrain,150500,A,0,0,0
159,150521,Al Fanar Travel - Bahrain,Al Fanar Travel - Bahrain,150500,A,0,0,0
160,150522,Wadi Al Nil Travels - Bahrain,Wadi Al Nil Travels - Bahrain,150500,A,0,0,0
161,150523,Al Hejra Group - Bahrain,Al Hejra Group - Bahrain,150500,A,0,0,0
162,150524,Al Khateeb Tours - Bahrain,Al Khateeb Tours - Bahrain,150500,A,0,0,0
163,150525,Al Manar Umrah - Bahrain,Al Manar Umrah - Bahrain,150500,A,0,0,0
164,150600,Saudi Arabia Agents,Saudi Arabia Agents,150000,A,0,0,0
165,150601,Dar Al Manasek - KSA,Dar Al Manasek - KSA,150600,A,0,0,0
166,150602,Bin Sammar International - KSA,Bin Sammar International - KSA,150600,A,0,0,0
167,150603,Qasswa For Haj - KSA,Qasswa For Haj - KSA,150600,A,0,0,0
168,150604,Shayyar For Haj - KSA,Shayyar For Haj - KSA,150600,A,0,0,0
169,150605,Al Bassam Travel - KSA,Al Bassam Travel - KSA,150600,A,0,0,0
170,150606,Arab Wings - KSA,Arab Wings - KSA,150600,A,0,0,0
171,150607,Mawasem Travel - KSA,Mawasem Travel - KSA,150600,A,0,0,0
172,150608,Fanadeqonah - KSA,Fanadeqonah - KSA,150600,A,0,0,0
173,150609,Zam Zam Co - KSA,Zam Zam Co - KSA,150600,A,0,0,0
174,150610,Star Midinah Ltd - KSA,Star Midinah Ltd - KSA,150600,A,0,0,0
175,150611,Mamlak Travel - KSA,Mamlak Travel - KSA,150600,A,0,0,0
176,150612,Golden Bird Travel - KSA,Golden Bird Travel - KSA,150600,A,0,0,0
177,150613,Al Ghazal Travel - KSA,Al Ghazal Travel - KSA,150600,A,0,0,0
178,150614,Fursan Travel - KSA,Fursan Travel - KSA,150600,A,0,0,0
179,150615,Hamid A Mira - KSA,Hamid A Mira - KSA,150600,A,0,0,0
180,150616,Dar Al Iman Travels - KSA,Dar Al Iman Travels - KSA,150600,A,0,0,0
181,150617,World Wide Travels - KSA,World Wide Travels - KSA,150600,A,0,0,0
182,150618,Tashelat Travel - KSA,Tashelat Travel - KSA,150600,A,0,0,0
183,150619,Al Ghalia - KSA,Al Ghalia - KSA,150600,A,0,0,0
184,150620,Zamil Travel - KSA,Zamil Travel - KSA,150600,A,0,0,0
185,150621,Global Gate - KSA,Global Gate - KSA,150600,A,0,0,0
186,150622,Saudi Tourist - KSA,Saudi Tourist - KSA,150600,A,0,0,0
187,150623,Durah House - KSA,Durah House - KSA,150600,A,0,0,0
188,150624,Fareed Travel - KSA,Fareed Travel - KSA,150600,A,0,0,0
189,150900,Umrah Agents,Umrah Agents,150000,A,0,0,0
191,150902,Lex Travel - Egypt,Lex Travel - Egypt,150900,A,0,0,0
193,150904,Z Tours - Egypt,Z Tours - Egypt,150900,A,0,0,0
194,150905,Travel Days - Egypt,Travel Days - Egypt,150900,A,0,0,0
195,150906,Trans World - Egypt,Trans World - Egypt,150900,A,0,0,0
196,150907,Global Oraint - Egypt,Global Oraint - Egypt,150900,A,0,0,0
198,150909,Egypt Gulf Travel - Egypt,Egypt Gulf Travel - Egypt,150900,A,0,0,0
199,150910,Vip Travel - Egypt,Vip Travel - Egypt,150900,A,0,0,0
200,150911,Half Moon Travel - Egypt,Half Moon Travel - Egypt,150900,A,0,0,0
201,150912,Nesmah Travel - Egypt,Nesmah Travel - Egypt,150900,A,0,0,0
202,150913,Akssem Travel - Egypt,Akssem Travel - Egypt,150900,A,0,0,0
203,150914,Golden Bird Tours - Egypt,Golden Bird Tours - Egypt,150900,A,0,0,0
208,150919,Trust Travel - Jordan,Trust Travel - Jordan,150900,A,0,0,0
209,150920,Sun Holday Travel - Jordan,Sun Holday Travel - Jordan,150900,A,0,0,0
211,150922,Al Hanove Travel - Libya,Al Hanove Travel - Libya,150900,A,0,0,0
212,150923,Tissir Tourisme - Moroco,Tissir Tourisme - Moroco,150900,A,0,0,0
213,150924,Dija Tours - Moroco,Dija Tours - Moroco,150900,A,0,0,0
214,150925,Asfar Voyages - Moroco,Asfar Voyages - Moroco,150900,A,0,0,0
215,150926,Sky Travel & Tourism Co.libya,Sky Travel & Tourism Co.libya,150900,A,0,0,0
216,150927,Tiznit Voyage - Moroco,Tiznit Voyage - Moroco,150900,A,0,0,0
217,150928,Majlan Travel - Moroco,Majlan Travel - Moroco,150900,A,0,0,0
218,150929,Any Travel - Serya,Any Travel - Serya,150900,A,0,0,0
219,150930,Al Maher Travel - Serya,Al Maher Travel - Serya,150900,A,0,0,0
221,150932,American Best Travel (usa Haj Mission),American Best Travel (usa Haj Mission),150900,A,0,0,0
223,150934,Resham Travel - Pakstan,Resham Travel - Pakstan,150900,A,0,0,0
224,150935,Dar Al Salam Co - Pakstan,Dar Al Salam Co - Pakstan,150900,A,0,0,0
225,150936,Titar Travel - Malyisa,Titar Travel - Malyisa,150900,A,0,0,0
227,150938,Hamis Travel - Egypt,Hamis Travel - Egypt,150900,A,0,0,0
228,150939,Coral On Travel - Egypt,Coral On Travel - Egypt,150900,A,0,0,0
230,150941,Compas Travel (egy) - Egypt,Compas Travel (egy) - Egypt,150900,A,0,0,0
231,150942,Medainah Travel - Astralia,Medainah Travel - Astralia,150900,A,0,0,0
232,150943,Serena Air Travel- Pakstan,Serena Air Travel- Pakstan,150900,A,0,0,0
233,150944,Al Serag Travel - Egypt,Al Serag Travel - Egypt,150900,A,0,0,0
234,150945,Al Naqshabandi Travel (uk),Al Naqshabandi Travel (uk),150900,A,0,0,0
236,150947,Grand Egypt Tarvel - Egypt,Grand Egypt Tarvel - Egypt,150900,A,0,0,0
237,150948,Fun & Motivation Tours - Morraco,Fun & Motivation Tours - Morraco,150900,A,0,0,0
238,150949,Daimound Tours - Egypt,Daimound Tours - Egypt,150900,A,0,0,0
240,151000,Other Agents,Other Agents,150000,A,0,0,0
241,151001,Airborne Travel - Oman,Airborne Travel - Oman,151000,A,0,0,0
242,151002,Air Guide Travles - Pakistan,Air Guide Travles - Pakistan,151000,A,0,0,0
243,151003,Gerrys Travel - Pakistan,Gerrys Travel - Pakistan,151000,A,0,0,0
190,150901,Al Braq Travel - Egypt ( ?????? ),Al Braq Travel - Egypt ( ?????? ),150900,A,0,0,0
140,150501,Safeer Travels - Bahrain,Safeer Travels - Bahrain,150500,A,0,0,0
192,150903,Jamieah Al Asser - Egypt ( ????? ??????),Jamieah Al Asser - Egypt ( ????? ??????),150900,A,0,0,0
197,150908,Jamyah Al Mokawlon Al Arab - Egypt ( ?????????),Jamyah Al Mokawlon Al Arab - Egypt  ( ?????????),150900,A,0,0,0
204,150915,Jamaeyah Taysser Al Hajj Marj - Egypt (????? ?????),Jamaeyah Taysser Al Hajj Marj - Egypt (????? ?????),150900,A,0,0,0
205,150916,Mohd Alabyad (ipes Alex) - Egypt (???? ??????),Mohd Alabyad (ipes Alex) - Egypt (???? ??????),150900,A,0,0,0
206,150917,Jamaeyah Al Hop Fi Ellah - Egypt ( ???? ?? ???? ),Jamaeyah Al Hop Fi Ellah - Egypt ( ???? ?? ???? ),150900,A,0,0,0
207,150918,Al Jameaia Al Khayryay - Egypt ( ??????? ???????),Al Jameaia Al Khayryay - Egypt ( ??????? ???????),150900,A,0,0,0
210,150921,Dakkak Holidays - Jordan ( ??????),Dakkak Holidays - Jordan ( ??????),150900,A,0,0,0
220,150931,Ehassan Travel Hems - Serya ( ?????),Ehassan Travel Hems - Serya ( ?????),150900,A,0,0,0
226,150937,Al Faroq Travel Seyria ( ???????),Al Faroq Travel Seyria  ( ???????),150900,A,0,0,0
229,150940,Jameyah Abu Bakar Al Sedeq - Egypt ( ????? ??? ??? ??????),Jameyah Abu Bakar Al Sedeq - Egypt ( ????? ??? ??? ??????),150900,A,0,0,0
235,150946,Ipis Travel - Egypt,Ipis Travel - Egypt,150900,A,0,0,0
239,150950,Damnhour Travel - Egypt ( ?????? ),Damnhour Travel - Egypt ( ?????? ),150900,A,0,0,0
2,411002,Dar Al Manasek Coster,Dar Al Manasek Coster,411000,L,0,0,0
3,411003,Al Zaman For Transportition,Al Zaman For Transportition,411000,L,0,0,0
4,411004,Al Batula For Transportation,Al Batula For Transportation,411000,L,0,0,0
5,411005,Al Mehwar Service Div.,Al Mehwar Service Div.,411000,L,0,0,0
6,411006,Al Zagel For Transport & Tour,Al Zagel For Transport & Tour,411000,L,0,0,0
7,411007,Makkah Co Transportion,Makkah Co Transportion,411000,L,0,0,0
8,411008,Dallah Transportion Co,Dallah Transportion Co,411000,L,0,0,0
9,411009,Abduelah M Ali Maghrabi,Abduelah M Ali Maghrabi,411000,L,0,0,0
10,411010,SAPTCO,SAPTCO,411000,L,0,0,0
11,411011,Arabian Zajil Co. Trans,Arabian Zajil Co. Trans,411000,L,0,0,0
12,411012,Al Jazirah Transport Co,Al Jazirah Transport Co,411000,L,0,0,0
13,411013,Hafel Transportion,Hafel Transportion,411000,L,0,0,0
14,411014,Tamimi & Sahiti Co. (TASECO),Tamimi & Sahiti Co. (TASECO),411000,L,0,0,0
15,411015,Redah Rent A Car,Redah Rent A Car,411000,L,0,0,0
1,411001,Al Rafdain Al Saudia Co,Al Rafdain Al Saudia Co,411000,L,0,0,0
6,410001,Hotels,Hotel Suppliers,410000,L,0,0,0
1,400000,Liabilities,Liabilities,0,L,0,0,0
2,410000,Suppliers,Suppliers,400000,L,0,0,0
6,410810,Ohter Hotel Suppliers,Ohter Hotel Suppliers,410000,L,0,0,0
1,410811,Zamzam International Co Supplier,Zamzam International Co Supplier,410810,L,0,0,0
2,410812,New Umrah World Jed Supplier,New Umrah World Jed Supplier,410810,L,0,0,0
4,410814,Dar Al Salam Co Supplier,Dar Al Salam Co Supplier,410810,L,0,0,0
5,410815,Mawasem Tours KSA Supplier,Mawasem Tours KSA Supplier,410810,L,0,0,0
6,410816,Golden Tours (Egypt) Supplier,Golden Tours (Egypt) Supplier,410810,L,0,0,0
7,410817,Al Harmeen Center (ahnd Al Oufy) Supplier,Al Harmeen Center (ahnd Al Oufy) Supplier,410810,L,0,0,0
9,410819,Baraa Travel Supplier,Baraa Travel Supplier,410810,L,0,0,0
10,410820,Jameel Abdullah Taib Supplier,Jameel Abdullah Taib Supplier,410810,L,0,0,0
11,410821,Bait Al Mashayer Haj &umrah Supplier,Bait Al Mashayer Haj &umrah Supplier,410810,L,0,0,0
12,410822,Elyas Group Htl Med Supplier,Elyas Group Htl Med Supplier,410810,L,0,0,0
13,410823,Al Khaleej Palace Med Supplier,Al Khaleej Palace Med Supplier,410810,L,0,0,0
14,410824,Labbaik Travel Egypt Supplier,Labbaik Travel Egypt Supplier,410810,L,0,0,0
6,600001,Purchases,Purchases,600000,E,0,0,0
6,412000,Extra (Others) Suppliers,Extra (Others) Suppliers,410000,L,0,0,0
6,102001,Petty Cash Jeddah,Cash On Hand In jeddah,102000,A,0,0,0
6,102002,Petty Cash Makkah,Cash On Hand In Makkah,102000,A,0,0,0
6,102003,Petty Cash Medinah,Cash On Hand In Medinah,102000,A,0,0,0
6,101101,NCB 120 220 16000 102,NCB Bank 120 220 16000 102 Main Account for Work Manarah Branch,101100,A,0,0,0
6,101102,NCB 114 590 00000 101,NCB 114 590 00000 101 Scound Bank Khaldayah Branch,101100,A,0,0,0
6,101103,SABB 021 308 713 001,SABB 021 308 713 001 Visa Bank Account,101100,A,0,0,0
6,101104,SABB  021 308 713 002,SABB 021 308 713 002,101100,A,0,0,0
6,101105,N C B 11459000010202 USD,N C B 11459000010202 USD,101100,A,0,0,0
6,101106,N C B - MANASEK(12049720000106),NCB DAR AL  MANASEK(120 497 20000 106),101100,A,0,0,0
8,101100,Bank Accounts,Bank Accounts,101000,A,0,0,0
6,501001,Reservation Hotel Sales,Reservation Hotel Sales,501000,I,0,0,0
6,400001,NCB CREDIT CARDS,NCB CREDIT CARD ( VISA & MASTER CARD),400000,L,0,0,0
6,101107,RIYAD BANK (1760644979940),RIYAD BANK (1760644979940) By Name Mr. Jamal,101100,A,0,0,0
6,101108,SAMI ACCOUNT UAE 0078630164100,SAMI ACCOUNT UAE 0078630164100 DERHAM,101100,A,0,0,0
6,101109,JAMEEL ACCOUNT BANK CAIRO SAR,EGYPTION AMERCAN BANK IN CAIRO BY NAME MR. JAMEEL SAR,101100,A,0,0,0
6,101110,JAMEEL ACCOUNT BANK US,EGYPTION AMERCAN BANK IN CAIRO BY NAME MR. JAMEEL USD,101100,A,0,0,0
6,101111,JAMAL ACCOUNT UAE 0078396750100,JAMAL ACCOUNT UAE 0078396750100,101100,A,0,0,0
6,100001,Fixed Assets,Fixed Assets,100000,A,0,0,0
6,100002,ORIGINAL VALUE FURNITURE & FIXTURE,ORIGINAL VALUE FURNITURE & FIXTURE,100001,A,0,0,0
6,100003,ORIGINAL VALUE - TELEPHONE LINES & CENTRAL,ORIGINAL VALUE - TELEPHONE LINES & CENTRAL,100001,A,0,0,0
6,100004,ORIGINAL VALUE - FAX MACHINE,ORIGINAL VALUE - FAX MACHINE,100001,A,0,0,0
6,100005,ORIGINAL VALUE - COMPUTERS & Printer,ORIGINAL VALUE - COMPUTERS & Printer,100001,A,0,0,0
6,100006,ORIGINAL VALUE - PHOTO COPY MACHINE,ORIGINAL VALUE - PHOTO COPY MACHINE,100001,A,0,0,0
6,100008,ORIGINAL VALUE - CAMERA,ORIGINAL VALUE - CAMERA,100001,A,0,0,0
6,100010,DAR AL MANASEK HOTEL MAKKAH Assets,DAR AL MANASEK HOTEL MAKKAH Assets,100001,A,0,0,0
6,100009,ORIGINAL VALUE - SAFE BOX,ORIGINAL VALUE - SAFE BOX,100001,A,0,0,0
6,100007,ORIGINAL VALUE - MOTAR VEHICLES,ORIGINAL VALUE - MOTAR VEHICLES,100001,A,0,0,0
8,410818,Mamlakah Travels ( Dar Attawabah ) Supplier,Mamlakah Travels ( Dar Attawabah ) Supplier,410810,L,0,0,0
6,410043,Al Shodary Hotel Makkah (Wadi Al Ibrahim),Al Shodary Hotel Makkah (Wadi Al Ibrahim),410002,L,0,0,0
6,410298,Reham Palace (Madinah),Reham Palace (Madinah),410250,L,0,0,0
6,410300,Dallah Ramdan Hotel (Madinah),Dallah Ramdan Hotel (Madinah),410250,L,0,0,0
6,410301,Zani Arif Palace (Madinah),Zani Arif Palace (Madinah),410250,L,0,0,0
6,410046,Nawazi Hotel (Makkah),Nawazi Hotel (Makkah),410002,L,0,0,0
6,600020,Insurance Companies,Insurance Companies for Umrah,600000,E,0,0,0
6,600021,Medgulf Insurance Co.,Medgulf Insurance Co.,600020,E,0,0,0
6,600022,EIA Commercial Insurance Co.,EIA Commercial Insurance Co.,600020,E,0,0,0
6,600030,Petty Expenses,Petty Expenses,600000,E,0,0,0
6,600031,Kitchen and Canteen Supplies,Kitchen and Canteen Supplies,600030,E,0,0,0
6,600032,Fuel Expenses,Fuel Expenses,600030,E,0,0,0
6,600033,Water Charges,Water Charges,600030,E,0,0,0
6,600034,Stationary Exp.,Stationary Exp.,600030,E,0,0,0
6,600035,Discount Allowed,Discount Allowed,600030,E,0,0,0
6,600036,Miscellinious Expenses,Miscellinious Expenses,600030,E,0,0,0
6,600037,Medical Exp,Medical Exp,600030,E,0,0,0
6,600038,Maintanance,Maintanance,600030,E,0,0,0
6,600039,Other Repair & Mainenance,Other Repair & Mainenance,600030,E,0,0,0
6,600040,Taxi Charges,Taxi Charges,600030,E,0,0,0
6,600041,Air Ticket Expenses,Air Ticket Expenses,600030,E,0,0,0
6,600042,Tarif Exp,Tarif Exp,600030,E,0,0,0
6,600043,Business Trip Exp,Business Trip Exp,600030,E,0,0,0
6,600044,Printing Expenses,Printing Expenses,600030,E,0,0,0
6,600045,Govt Formalities,Govt Formalities,600030,E,0,0,0
6,600046,Rent A Car Exp,Rent A Car Exp,600030,E,0,0,0
6,600047,Chamber Of Commerce - Renewal,Chamber Of Commerce - Renewal,600030,E,0,0,0
6,600048,Car Parking Exp,Car Parking Exp,600030,E,0,0,0
6,600049,Advertisement Charges,Advertisement Charges,600030,E,0,0,0
6,600050,Bonus & Incentives,Bonus & Incentives,600030,E,0,0,0
6,600051,Commissions,Commissions,600030,E,0,0,0
6,600052,Meetings & Conference & Exhibition,Meetings & Conference & Exhibition,600030,E,0,0,0
6,600053,Zakat Exp,Zakat Exp,600030,E,0,0,0
6,600054,Makkah Office Exp,Makkah Office Exp,600030,E,0,0,0
6,600055,Dar Al Manasek Exp,Dar Al Manasek Exp,600030,E,0,0,0
6,600056,Postage & Courier Charges,Postage & Courier Charges,600030,E,0,0,0
6,600057,Hospitality Expenses,Hospitality Expenses,600030,E,0,0,0
6,600058,Trveling Expenses,Trveling Expenses,600030,E,0,0,0
6,600059,Internet Expenses,Internet Expenses,600030,E,0,0,0
6,600060,Iqama & Renewal Charges,Iqama & Renewal Charges,600030,E,0,0,0
6,600061,Group Exp,Group Exp,600030,E,0,0,0
6,600062,Computer Exp,Computer Exp,600030,E,0,0,0
6,600063,Audiet Fees Exp,Audiet Fees Exp,600030,E,0,0,0
6,600064,Car Expenses & Maintanance,Car Expenses & Maintanance,600030,E,0,0,0
6,600065,Coster Expenses,Coster Expenses,600030,E,0,0,0
6,600066,Wirless Mobil Exp,Wirless Mobil Exp,600030,E,0,0,0
6,605100,Makkah Branch Salaries,Makkah Branch Salaries,605000,E,0,0,0
6,605001,Head Office Salaries Jeddah,Head Office Salaries Jeddah,605000,E,0,0,0
6,605200,Madinah Branch Salaries,Madinah Branch Salaries,605000,E,0,0,0
6,605300,Dar Al Manasek Hotel Salaries,Dar Al Manasek Hotel Salaries,605000,E,0,0,0
64,150064,Farwaniya Co Operative - Kuwait,Farwaniya Co Operative - Kuwait,150001,A,0,0,0
6,600006,Other/Extra Purchases,Other/Extra Purchases,600001,E,0,0,0
6,600002,Reservation Hotel Purchases,Reservation Hotel Purchases,600001,E,0,0,0
6,501002,Umrah Hotel Sales,Umrah Hotel Sales,501000,I,0,0,0
6,600003,Umrah Hotel Purchases,Umrah Hotel Purchases,600001,E,0,0,0
6,501005,Other/Extra Sales,Other/Extra Sales,501000,I,0,0,0
6,501004,Transportation Sales,Transportation Sales,501000,I,0,0,0
6,600005,Transportation Purchases,Transportation Purchases,600001,E,0,0,0
6,605000,Employes Salaries,Employes Salaies,600000,E,0,0,0
6,605002,Jamal Abdullah Abbas (Salary) GM,Jamal Abdullah Abbas (Salary) GM,605001,E,0,0,0
6,605003,Abdullah Jamal Mokhter (Salary) Asst.GM,Abdullah Jamal Mokhter (Salary) Asst.GM,605001,E,0,0,0
6,605004,Sami Rabai Bin Madi (Salary) Sales & Resarvation,Sami Rabai Bin Madi (Salary)  Sales & Resarvation,605001,E,0,0,0
6,605005,Ali Mohammed Khayery (Salary) Sales & Umrah,Ali Mohammed Khayery (Salary) Sales & Umrah,605001,E,0,0,0
6,605006,Mohammed Abdul Hafeez (Salary) IT Manager,Mohammed Abdul Hafeez (Salary) IT Manager,605001,E,0,0,0
6,605008,Mahmood Abdullah (Salary) Auditing,Mahmood Abdullah (Salary) Auditing,605001,E,0,0,0
6,605009,Mahamood Bawazir (Salarie) Auditor,Mahamood Bawazir (Salary) Auditor,605001,E,0,0,0
6,605010,Sayed Zakryah Tahah (Salary) Accountant,Sayed Zakryah Tahah (Salary) Accountant,605001,E,0,0,0
6,605007,Mokhter Saeed Mokhter (Salary) Chief Accountant,Mokhter Saeed Mokhter (Salary) Chief Accountant,605001,E,0,0,0
6,605011,Mohammed Abdul Bari (Salary) Resarvation & Sales,Mohammed Abdul Bari (Salary) Resarvation & Sales,605001,E,0,0,0
6,605012,Noor Ul Ameen (Salary) Resarvation,Noor Ul Ameen (Salary) Resarvation,605001,E,0,0,0
6,605013,Abdul Aziz Sulimany (Salary) Personal,Abdul Aziz Sulimany (Salary) Personal,605001,E,0,0,0
6,605014,Mohammed Iqbal Assem (Salary) Umrah,Mohammed Iqbal Assem (Salary) Umrah,605001,E,0,0,0
6,605015,Aijaz Khan (Salary) Resarvation,Aijaz Khan (Salary) Resarvation,605001,E,0,0,0
6,605016,Waled Damnhory (Salary) Umrah,Waled Damnhory (Salary) Umrah,605001,E,0,0,0
6,605017,Waleed Bin Sanad (Salary) Umrah & Transportation,Waleed Bin Sanad (Salary) Umrah & Transportation,605001,E,0,0,0
6,605018,Kareem Khalfaoui (Salary) Umrah,Kareem Khalfaoui (Salary) Umrah,605001,E,0,0,0
6,605019,Fouad Ali (Salary) Umrah & Resarvation,Fouad Ali (Salary) Umrah & Resarvation,605001,E,0,0,0
6,605020,Younes Abdullah Waham (Salary) Umrah,Younes Abdullah Waham (Salary) Umrah,605001,E,0,0,0
6,605021,Mohammed Haneef (Salary) Driver,Mohammed Haneef (Salary) Driver,605001,E,0,0,0
6,605023,Mohammed Emam (Salary) Asst. Accountant,Mohammed Emam (Salary) Asst. Accountant,605001,E,0,0,0
6,605022,Ahmed Abdul Aal (Salary) Accountant,Ahmed Abdul Aal (Salary) Accountant,605001,E,0,0,0
6,605024,Saeed Zaharani (Salary) Resarvation,Saeed Zaharani (Salary) Resarvation,605001,E,0,0,0
6,605025,Sayeed Meer (Salary) Resarvation & Umrah,Sayeed Meer (Salary) Resarvation & Umrah,605001,E,0,0,0
6,605026,Mohammed Fakhrany (Salary) Accounts,Mohammed Fakhrany (Salary) Accounts,605001,E,0,0,0
6,605027,Abdullah Al Khathery (Salary) Umrah,Abdullah Al Khathery (Salary) Umrah,605001,E,0,0,0
6,605028,Mohammed Yousef (Salary),Mohammed Yousef (Salary),605001,E,0,0,0
6,605029,Aymen Hamed Al Sharif (Salary) Airport Rep,Aymen Hamed Al Sharif (Salary) Airport Rep,605001,E,0,0,0
6,605030,Waled Bin Hassan (Salary) Umrah,Waled Bin Hassan (Salary) Umrah,605001,E,0,0,0
6,605031,Mohammed Khayat (Salary) Representative,Mohammed Khayat (Salary) Representative,605001,E,0,0,0
6,605032,Hussain Meerah (Salary)  Office Boy,Hussain Meerah (Salary)  Office Boy,605001,E,0,0,0
6,605101,Abdul Rasheed (Salary) Makkah Representative,Abdul Rasheed (Salary) Makkah Representative,605100,E,0,0,0
6,605102,Abdul Aziz Kishan (Salary) Manager of Makkah Branch,Abdul Aziz Kishan (Salary) Manager of Makkah Branch,605100,E,0,0,0
6,605103,Ahmed Colbaly (Salary) Makkah Representative,Ahmed Colbaly (Salary) Makkah Representative,605100,E,0,0,0
6,605104,Mohammed Turki (Salary) Makkah Branch,Mohammed Turki (Salary) Makkah Branch,605100,E,0,0,0
6,605201,Khaled Ahmed Mestika (Salary) Manager of Madinah,Khaled Ahmed Mestika (Salary) Manager of Madinah,605200,E,0,0,0
6,501003,Umrah Service Sales Visa,Umrah Service Sales ( Visa),501000,I,0,0,0
3,410813,Star Madinah - Abdul Gani Khan Supplier,Star Madinah - Abdul Gani Khan Supplier,410810,L,0,0,0
6,605301,Faisal Abdul Monem Zaki (Salary) Hotel Manager,Faisal Abdul Monem Zaki (Salary) Hotel Manager,605300,E,0,0,0
6,605302,Mostafa Ameen (Salary) Hotel Accountant,Mostafa Ameen (Salary) Hotel Accountant,605300,E,0,0,0
6,103000,Employes Head Office Jeddah (Loan ),Employes Head Office Jeddah (Loan ),100000,A,0,0,0
6,103001,Sami Rabai Bin Madi (Loan) Sales & Resarvation,Sami Rabai Bin Madi (Loan) Sales & Resarvation,103000,A,0,0,0
6,103002,Khaled Abdullah Abbas (Loan) Personal,Khaled Abdullah Abbas (Loan) Personal,103000,A,0,0,0
6,103003,Mohammed Abdul Bari (Loan) Resarvation,Mohammed Abdul Bari (Loan) Resarvation,103000,A,0,0,0
6,103004,Sayed Zakryah Tahah (Loan) Accountant,Sayed Zakryah Tahah (Loan) Accountant,103000,A,0,0,0
6,103005,Kareem Khalfaoui (Loan) Umrah,Kareem Khalfaoui (Loan) Umrah,103000,A,0,0,0
6,103006,Fouad Ali (Loan) Umrah & Resarvation,Fouad Ali (Loan) Umrah & Resarvation,103000,A,0,0,0
6,103007,Waleed Bin Sanad (Loan) Umrah & Transportation,Waleed Bin Sanad (Loan) Umrah & Transportation,103000,A,0,0,0
6,103008,Ali Mohammed Khayery (Loan) Sales & Umrah,Ali Mohammed Khayery (Loan) Sales & Umrah,103000,A,0,0,0
6,103009,Waled Damnhory (Loan) Umrah,Waled Damnhory (Loan) Umrah,103000,A,0,0,0
6,103010,Mahamood Bawazir (Loan) Auditor,Mahamood Bawazir (Loan) Auditor,103000,A,0,0,0
6,103011,Hussain Meerah (Loan)  Office Boy,Hussain Meerah (Loan)  Office Boy,103000,A,0,0,0
6,103012,Aijaz Khan (Loan) Resarvation,Aijaz Khan (Loan) Resarvation,103000,A,0,0,0
6,103100,Employes Makkah Branch (Loan ),Employes Makkah Branch (Loan ),100000,A,0,0,0
6,103101,Ahmed Colbaly (Loan) Makkah Representative,Ahmed Colbaly (Loan) Makkah Representative,103100,A,0,0,0
6,600004,Umrah Service Charges Visa,Umrah Service Charges Visa Purchases,600001,E,0,0,0
6,103102,Abdul Rasheed (Loan) Makkah Representative,Abdul Rasheed (Loan) Makkah Representative,103100,A,0,0,0
6,103200,Employes Madinah Branch (Loan ),Employes Madinah Branch (Loan ),100000,A,0,0,0
6,103201,Khaled Ahmed Mestika (Loan) Manager of Madinah,Khaled Ahmed Mestika (Loan) Manager of Madinah,103200,A,0,0,0
6,605501,Mojaheed (Salary) Kuwait Represantative,Mojaheed (Salary) Kuwait Represantative,605500,E,0,0,0
6,605600,Hajj Expenses,Hajj Expenses,600000,E,0,0,0
6,605303,Salary Paid Hotel Dar Al Manasek,Salary Paid Hotel Dar Al Manasek,605300,E,0,0,0
6,600067,Telephone Charges - Mobail,Telephone Charges - Mobail,600030,E,0,0,0
6,600068,Telephone Charges,Telephone Charges,600030,E,0,0,0
6,600069,Electricty Charge,Electricty Charge,600030,E,0,0,0
6,600071,Bank Charge,Bank Charge,600030,E,0,0,0
6,600072,Vacation Salery,Vacation Salery,600030,E,0,0,0
6,600073,Socity Insurance Est,Socity Insurance Est,600030,E,0,0,0
6,600070,Building  Rent Exp,Building  Rent Exp,600030,E,0,0,0
222,150933,One Stop Travel South Africa,One Stop Travel South Africa,150900,A,0,0,0
6,605500,Kuwait Branch Salaries,Kuwait Branch Salaries,605000,E,0,0,0
6,150951,A1TRAVELS NET - UK,A1TRAVELS.NET - UK,150900,A,0,0,0
6,151004,UK HAJ FOUNDATION - UK,UK HAJ FOUNDATION - UK,151000,A,0,0,0
6,151005,TESTING AGENT ACCOUNT,test for Mny transfear to our account with out notes,151000,A,0,0,0
6,605700,Cairo Expenses,Cairo Expenses,600000,E,0,0,0
7,700001,Capital,Capital,700000,Q,0,0,0
7,150952,HEPTI VOYAGE - MORROCO,HEPTI VOYAGE - MORROCO,150900,A,0,0,0
7,400002,SALERY NOT PAID,SALERY NOT PAID,400000,L,0,0,0
7,150953,ZODAIC TRAVELS EGYPT,ZODAIC TRAVELS EGYPT,150900,A,0,0,0
7,150625,HOSPITALITY WINGS - K.S.A,HOSPITALITY WINGS - K.S.A,150600,A,0,0,0
7,151006,LABBAIK FOR HOTEL MARKETING - EGYPT,LABBAIK FOR HOTEL MARKETING - EGYPT,151000,A,0,0,0
7,150626,SAUDI AFWAJ GROUP CO. - KSA,SAUDI AFWAJ GROUP CO - KSA,150600,A,0,0,0
7,150954,JINENE - SWITZERLAND,JINENE - SWITZERLAND,150900,A,0,0,0
7,151007,P.T. CORDOVA ABIL TRAVEL - INDONSIA,P.T. CORDOVA ABIL TRAVEL - INDONSIA,151000,A,0,0,0
7,412001,HARB HOTEL FURNITUR ST. (SEALY),HARB HOTEL FURNITUR ST. (SEALY),412000,L,0,0,0
7,400003,ABDULLAH ABBAS MR. JAMAL'S FATHER,ABDULLAH ABBAS MR. JAMAL'S FATHER,400000,L,0,0,0
7,412002,AL SOURAYIA TRADING CO. FLOORING & FURNI,AL SOURAYIA TRADING CO. FLOORING & FURNI,412000,L,0,0,0
7,412003,HAMAD AL SELMI DECORATION EST,HAMAD AL SELMI DECORATION EST,412000,L,0,0,0
7,151008,MAK TOURS INDONSIA,MAK TOURS INDONSIA,151000,A,0,0,0
7,501006,DAR AL MANASEK HOTEL SALES,DAR AL MANASEK HOTEL SALES,501000,I,0,0,0
7,412004,UNITED MATBOULI GROUP,UNITED MATBOULI GROUP,412000,L,0,0,0
7,410825,AL REYADAH INTERNATIONAL - JEDDAH,AL REYADAH INTERNATIONAL - JEDDAH,410810,L,0,0,0
7,150955,ASWAN TRAVEL & TOURISM (SERYA),ASWAN TRAVEL & TOURISM (SERYA),150900,A,0,0,0
7,150956,ADRA VOYAGES ( MORACO ),ADRA VOYAGES ( MORACO ),150900,A,0,0,0
7,412005,TAHNI FOR GAFET & ADVERTISING,TA HNI FOR GAFET & ADVERTISING,412000,L,0,0,0
7,410826,SHAYER TRAVEL DUBAI,SHAYER TRAVEL DUBAI,410810,L,0,0,0
7,150628,NEW UMRAH WORLD - KSA,NEW UMRAH WORLD - KSA,150600,A,0,0,0
7,410048,QABOURI BILLDING - MAK FOR Z TOURS,QABOURI BILLDING - MAK FOR Z TOURS,410002,L,0,0,0
7,150627,DESTINATIONS OF THE WORLD - KSA,DESTINATIONS OF THE WORLD - KSA,150600,A,0,0,0
7,412006,MODERN OFFSET PRINTER MOHD SHAKRAN,MODERN OFFSET PRINTER MOHD SHAKRAN,412000,L,0,0,0
7,410057,AL NWAZY HTL MAK,AL NWAZY HTL MAK,410002,L,0,0,0
7,151009,SHAHAZ TRAVEL & TOURS SDN BHD - MALAYSIA,SHAHAZ TRAVEL & TOURS SDN BHD - MALAYSIA,151000,A,0,0,0
7,412007,AWAL NET COMPANY,AWAL NET COMPANY,412000,L,0,0,0
7,410288,DAR AL ANSAR HTL MED,DAR AL ANSAR HTL MED,410250,L,0,0,0
7,150412,SAL HOLIDAYS - QATAR,SAL HOLIDAYS - QATAR,150400,A,0,0,0
7,150629,MEAAD TRAVEL & TOURS AGENCY - DAMMAM,MEAAD TRAVEL & TOURS AGENCY - DAMMAM,150600,A,0,0,0
7,150957,HINDA TRAVEL - EGYPT,HINDA TRAVEL - EGYPT,150900,A,0,0,0
7,150352,AL RYAN TRAVEL & TOURISM - ABU DHABI,AL RYAN TRAVEL & TOURISM - ABU DHABI,150300,A,0,0,0
7,150073,BAZ TOURS & CARGO - KUWAIT,BAZ TOURS & CARGO - KUWAIT,150001,A,0,0,0
7,150630,AL BADRANI FOR HAJJ & UMRAH - JEDDAH,AL BADRANI FOR HAJJ & UMRAH - JEDDAH,150600,A,0,0,0
7,500001,MISCELLIOUS INCOME,MISCELLIOUS INCOME,500000,I,0,0,0
7,151010,TRANSA TOUR MAROCO,TRANSA TOUR MAROCO,151000,A,0,0,0
7,150631,HAJEEJ FOR UMRAH - JEDDAH,HAJEEJ FOR UMRAH - JEDDAH,150600,A,0,0,0
7,410058,KAMIL HOTLING GROUP MAKKAH,KAMIL HOTLING GROUP MAKKAH,410002,L,0,0,0
6,700002,Company Owners,Company Owners,700000,Q,0,0,0
7,700006,Jamal Abdullahs Daughter,Jamal Abdullahs Daughter,700002,Q,0,0,0
7,700003,Jamal Abdullah Abaas,Jamal Abdullah ( Owner for Company),700002,Q,0,0,0
7,700004,Abdullah's Mother,Abdullah's Mother,700002,Q,0,0,0
7,700005,Abdullah Jamal (Son),Abdullah Jamal (Son),700002,Q,0,0,0
8,150074,ASFAR WORLDWIDE HOTEL RES - KUWAIT,ASFAR WORLDWIDE HOTEL RES - KUWAIT,150001,A,0,0,0
8,410059,HERAA GROUP ( AL ANDULSAIAH HOTEL),HERAA GROUP ( AL ANDULSAIAH HOTEL),410002,L,0,0,0
8,150632,TITAR TRAVEL SDN BHD - MAKKAH,TITAR TRAVEL SDN BHD - MAKKAH,150600,A,0,0,0
8,600074,MEDINAH OFFICE EXPENSES,MEDINAH OFFICE EXPENSES,600030,E,0,0,0
8,600075,STAFF ACCOMODATION RENT,STAFF ACCOMODATION RENT,600030,E,0,0,0
8,410299,NAJED GROUP (AL SIKHAN BILDING),NAJED GROUP (AL SIKHAN BILDING),410250,L,0,0,0
8,150958,TANMEAYAH AL MOGTAMEAA - EGYPT,TANMEAYAH AL MOGTAMEAA - EGYPT,150900,A,0,0,0
8,151011,FLY WELL - UK,FLY WELL - UK,151000,A,0,0,0
8,151012,FAYROOZ TRAVEL ASSOCIATES - Indonsia,FAYROOZ TRAVEL ASSOCIATES - Indonsia,151000,A,0,0,0
8,150959,INTER TEAM TRAVEL - EGYPT,INTER TEAM TRAVEL - EGYPT,150900,A,0,0,0
8,150960,JAMEAH AL LOAY FOR HAJ - EGYPT,JAMEAH AL LOAY FOR HAJ - EGYPT,150900,A,0,0,0
8,411016,REKEEB TRANSPORT- JEDDAH,REKEEB TRANSPORT- JEDDAH,411000,L,0,0,0
8,410060,AL AZIZ PLAZA HTL MAK,AL AZIZ PLAZA HTL MAK,410002,L,0,0,0
8,500002,INCOME IN EXCHANGE RATE,INCOME IN EXCHANGE RATE,500001,I,0,0,0
8,500003,MISCELLIOUS INCOME,MISCELLIOUS INCOME,500001,I,0,0,0
8,412008,TRANS JAZEERA TRAD KITSHIN,TRANS JAZEERA TRAD KITSHIN,412000,L,0,0,0
8,151013,MINERVA TRAVEL & TOURS - EGYPT,MINERVA TRAVEL & TOURS - EGYPT,151000,A,0,0,0
8,412009,AL EMAD FOR OFFICE FURNITURE,AL EMAD FOR OFFICE FURNITURE,412000,L,0,0,0
8,410061,OTHER HOTEL IN MAKKAH,OTHER HOTEL IN MAKKAH,410002,L,0,0,0
8,410062,MAWADDAH INT'L GROUP CO.,MAWADDAH INT'L GROUP CO.,410002,L,0,0,0
8,150961,AL NAGHAM TRAVEL IRAQ,AL NAGHAM TRAVEL IRAQ,150900,A,0,0,0
8,150075,AL OSTORA TRAVEL - KUWAIT,AL OSTORA TRAVEL - KUWAIT,150001,A,0,0,0
8,410063,Dar Al Najj,Dar Al Najj,410002,L,0,0,0
